{
  "packages": [
    {
      "name": "pt32",
      "maintainer": "by sls",
      "websiteUrl": "https://example.com",
      "Url": "https://github.com/KS-SLS/custom/raw/main/board.json",
      "email": "",
      "platforms": [
        {
          "name": "pt32 board",
          "architecture": "arm",
          "version": "1.0.0",
          "deprecated": false,
          "category": "Contributed",
          "url": "https://github.com/KS-SLS/custom/raw/main/demo.zip",
          "archiveFileName": "demo.zip",
          "checksum": "SHA-256:84e34517a992b0ab08a074ee7470d5956a591793048399d69c83c565210ca6f6",
          "size": "103530",
          "boards": [
            {
              "name": "pt32  Board"
            }
          ],
          "help": {},
          "toolsDependencies": [],
          "discoveryDependencies": [],
          "monitorDependencies": []
        }
      ],
      "tools": [],
      "help": {}
    }
  ],
  "IsTrusted": false
}