{
  "packages": [
    {
      "name": "pt32",
      "maintainer": "by sls",
      "websiteUrl": "https://example.com",
      "Url": "https://github.com/KS-SLS/custom/raw/main/board.json",
      "email": "",
      "platforms": [
        {
          "name": "pt32 board",
          "architecture": "arm",
          "version": "1.0.0",
          "deprecated": false,
          "category": "Contributed",
          "url": "https://github.com/KS-SLS/custom/raw/main/pt32.zip",
          "archiveFileName": "pt32.zip",
          "checksum": "SHA-256:acad6c205a24f95badc909717cece67495e0066fd89a006ec60e116959da7528",
          "size": "124969",
          "boards": [
            {
              "name": "pt32 Board"
            }
          ],
          "help": {},
          "toolsDependencies": [
            {
              "packager": "pt32",
              "name": "arm-none-eabi-gcc",
              "version": "10.3-2021.10"
            }
          ],
          "discoveryDependencies": [],
          "monitorDependencies": []
        }
      ],
      "tools": [
        {
          "name": "arm-none-eabi-gcc",
          "version": "10.3-2021.10",
          "systems": [
            {
              "host": "all",
              "url": "https://github.com/KS-SLS/custom/releases/download/v10.3-pt32/arm.tool.chain.zip",
              "archiveFileName": "arm.tool.chain.zip",
              "size": "206456147",
              "checksum": "SHA-256:db9f59ad48b48bd5d7b27356ab3b8f91659afab483aac45d7e6c93516306f7b7"
            }
          ]
        }
      ],
      "help": {}
    }
  ],
  "IsTrusted": false
}