{
  "packages": [
    {
      "name": "pt32",
      "maintainer": "by sls",
      "websiteUrl": "https://example.com",
      "Url": "https://github.com/KS-SLS/trial1/raw/main/board.json",
      "email": "",
      "platforms": [
        {
          "name": "pt32 board",
          "architecture": "arm",
          "version": "1.0.0",
          "deprecated": false,
          "category": "Contributed",
          "url": "https://github.com/KS-SLS/trial1/raw/main/pnew.zip",
          "archiveFileName": "pnew.zip",
          "checksum": "SHA-256:31f751c824650a9ea74fea42fb1837f15f1c5438393add32bbed8aa5bb793ad2",
          "size": "8184",
          "boards": [
            {
              "name": "pt32  Board"
            }
          ],
          "help": {},
          "toolsDependencies": [],
          "discoveryDependencies": [],
          "monitorDependencies": []
        }
      ],
      "tools": [],
      "help": {}
    }
  ],
  "IsTrusted": false
}